Crystal Combinations,I love to combine semi precious gemstones and Swarovski Crystals in my own unique designs. I use Sterling Silver for all my earrings and buy genuine Swarovski Crystals produced in Austria.,http://www.crystalcombinations.co.uk/
Boiler Aid,"No matter what boiler you have, Boiler Aid are able to carry out a professional service or repair on your boiler should it be giving you any problems.",http://www.boileraid.co.uk/
SCF Supplies,Suppliers of velcro products - ideal for fasteners and fixings around the home and garden,http://www.scfsupplies.co.uk/
Pest Control Supplies,Pest Control Supplies Ltd is a specialist online retailer of DIY pest control products,http://www.pestcontrolsupplies.co.uk/
The Gleneagles Hotel,"World-famous 5 Star Luxury Hotel in Scotland, award-winning Spa & Golf ResortSet within the gentle beauty of 850 acres of Perthshire countryside.",http://gleneagles.com/
Medieval helmet|Sword|Greek Helmet|Chain,"Planet Trading Co. offering a wide selection of high quality museum replicas of medieval armour,medieval sword,medieval helmets,chainmail,roman helmets, Greek Sword, ancient helmets,antiques,Gramophones and gift items.",http://www.planettrading.co.uk/
Morgan Security Wokingham,24 Hour Locksmith throughout Wokingham and surrounding areas.,http://morgansecurity.co.uk/
The Children's Consultancy Psychotherapy,"Specialists in child behaviour problems, counselling and psychotherapy.",http://www.thechildrensconsultancy.co.uk/
World of Hampers,When it comes to receiving a gift we recognise the importance of first impressions and of having the wow factor.  Our aim is to create hampers and baskets that you can be confident the recipient will truly appreciate and enjoy.,http://worldofhampers.co.uk
Torry Harris Business Solutions (Europe),"Torry Harris Business Solutions (THBS) is an IT solutions and services provider specializing in API Management & SOA, Cloud integration, Mobility and Digital Transformation & Enablement services.",http://www.thbs.com/
Find Home Tutors for Home Tutions London,With Select My Tutor''s online platform peoples can find and select Private Home Tutors for their Tutoring requirements and search the best tutors possible by their qualification and Experience.,http://www.selectmytutor.co.uk/
Ideal Doors - Bespoke Wooden Doors,"We have been in the doors market for many years, supplying and installing a wide range of doors for your property.",https://www.idealdoors.co.uk
Discount Footwear from Shuperb Footwear,Shuperb footwear is the leading online footwear retailer for shoes and boots at affordable prices.,http://www.shuperb.co.uk/
TH Removals St Albans - House Removals,TH Removals is a well established and trusted company and we have over 15 years experience in the industry. As a customer focused business we take great pride in offering high quality services at competitive prices to our clients.,http://www.thremovals.co.uk/house-removals-st-albans/
www.soundsolutionconsultants.co.uk,Sound Solution Consultants are an Ipswich-based company who specialise in providing acoustic services such as Part E sound tests and acoustic design consulting.,http://www.soundsolutionconsultants.co.uk/
Connive: Your Media Specialist,"Photography, Print, Web and Graphic Design solutions, all under one roof, why wast time looking elsewhere. We truly are your One Stop Media House.",http://www.connive.co.uk
Newlands House Keswick,"Newlands House is a self catering cottage in the heart of the Lake District, Keswick. A few minutes walk from the lake, parks, shops and pubs.",http://www.newlandshousekeswick.co.uk/
Simply Pool and Snooker,"Since 1978, Simply Pool and Snooker have been supplying the highest quality snooker and pool tables and diners to both the domestic and commercial market. With excellent prices and first class after-sales & maintenance we are the number one choice.",http://www.simplypoolandsnooker.com/
Redlime Landscaping Banbury,"Redlime Engineering are a professional provider of landscaping, driveways and commercial groundworks throughout Oxford, Banbury and surrounding areas.",http://www.redlime-engineering.co.uk/
citycows.co.uk,"City Cows features a wide selection of natural cowhide rugs, reindeer hides, cowhide footstools and sheepskins.  City cows is one of the UK''s largest suppliers of cowhides and their range includes natural cow hide and metallic cow skins.",http://www.citycows.co.uk/
AK Rental,"We provide a wide range of vehicles for hire - cars, vans, trucks and even minibuses",http://www.akrental.co.uk/
Funky Yukka,"Funky Yukka we design,create and install stunning plant displays. Beautiful, contemporary living art which will enliven a dull work place, add a consolodating theme to a building, take your event to the next level.",http://www.funkyyukka.co.uk
Affordable designer wallpaper,Wallpaper Market sell clearance designer wallpaper at a low cost.,http://www.wallpapermarket.co.uk/store/index.php?main_page=index&cPath=23
Maintenance Matters - Dorset,"At Maintenance Matters we have over 30 years of experience in all aspects of property maintenance services. We offer a friendly, professional service, ensuring minimum disturbance to you, your family and your property.",http://maintenance-matters.co.uk
Commercial Waste Management in London,"Commercial waste management across London including recycling and secure disposal. FREE, no obligation quote on ☎ 0800 644 1248.",http://www.greenlineenvironmental.co.uk/
E.C.T Shower drains,"E.C.T DISTRIBUTION LTD offer the best stainless steel shower drains, floor drains & channel drains. All produsct are 100% made by stainless steel. Contact us for more details about our product or visit our website.",http://shower-drains.mycylex.co.uk/
N&C; Pallets,"Providing a range of services N&C; Pallets are a professional provider of pallets and more throughout Chesterfield, Mansfield, Nottingham and surrounding areas.",http://www.ncpallets.co.uk/
Abbeygate Ceramic Tiles Stowmarket,"Abbeygate Ceramic Tiles provide a wide range of both kitchen and bathroom accessories, such as tiles, showers and much more. They offer these services throughout Stowmarket and the surrounding areas.",http://www.abbeygate.co.uk/
www.thespiceworks.co.uk,"The Spiceworks are Spice Merchants who offer top quality herbs, spices, herbal teas and health products from around the world.All are guaranteed 100% pure and are available in small or bulk quantities..",http://www.thespiceworks.co.uk
TPS Handyman,Our friendly team are available now‎,http://www.tpshandymanlondon.co.uk/
Loft Conversion Company London,"UkSmartBuild is Loft Conversion Company London provides Services for Back Addition Lofts, Hip to Gable Lofts, Rear Dormer Lofts & Single Storey Rear Extension.",http://www.uksmartbuild.com/
Portrait & Wedding Photography in Cambridge - Kate Towers Photographer,"Kate Towers specializes in portrait & wedding photography and cover all of the Cambridgeshire areas such as Cambridge, St Neots, Ely, Huntingdon, St Ives & Peterborough.",http://www.katetowersphotography.co.uk/
Compensation for Dental Negligence,"If you have suffered an injury as a result of dental negligence, Claims4Free can help you get compensation.Our expert injury solicitors have years of experience when it comes to medical negligence, and all our advice is free.",http://www.claims4free.co.uk/medical-negligence/dental-negligence-claims.php
TONY Handyman Services London,TONY Handyman Services London offers reliable and professional property maintenance and refurbishing for private and commercial buildings.,http://tonylocalhandymanlondon.co.uk/
Britannia Living,Britannia (established 1995) was one of the first companies to introduce range cookers in the UK and we have dedicated ourselves to providing quality range cookers and built-in appliances ever since.,http://www.britannialiving.co.uk
QVS Direct,The One stop shop for all your electrical needs at below trade prices,http://www.qvsdirect.com/
Escape Vapour Cigarettes,Supplier of Electronic Vapour Cigarettes and Accessories as a healthier alternative to tobacco to those in the UK who find it difficult to stop smoking.,http://escape-ecigarettes.co.uk/
Mantis Home Direct,"A range of beautifully handcrafted, decorative gifts, home accessories and jewellery. Unique and unusual gifts for all the family.",http://www.mantishomedirect.co.uk/
New York Culture,Avon and UK based website which focusing on NYC for British visitors. Information on accommodation and also flights...,http://www.newyork-culture.com/
Kenilworth Chiropractic Clinic,"Here at Kenilworth Chiropractic Clinic our specialist team have over a decade of experience in the fields of chiropractic, massage and acupuncture care, providing treatment in the Coventry, Warwick, Warwickshire, Kenilworth and Leamington Spa areas.",http://www.kenilworthchiropractic.com/
4-Fold Folding Shower Glass Bath Screen,Size 1000X1400mm(adjustment 990~1000mm),http://aicabathrooms.co.uk/1000-x-1400mm-4fold-folding-shower-glass-bath-screen-p-7.html
Best Hoods,"BEST was established in Fabriano, Italy in 1976, thanks to the enthusiasm of two visionary entrepreneurs convinced that the range hood market could be enriched by the presence of a new company, with new ideas and passion.",http://www.besthoods.co.uk/
Chapel and Chapel House Clearance Leyton,Chapel and Chapel are a professional and personal house clearance service. We have over two decades of experience and provide rubbish clearance as well.,http://www.chapelandchapel.co.uk/house-clearance-leyton.php
Revlok Mezzanines,"Revlok Mezzanines design, manufacture and install high quality mezzanine floors and storage platforms. Over 50 years experience make us the best solution and option for cost effective mezzanine flooring.",http://www.revlokmezzanines.com/
Normington & Sons,Funeral directors and masonry specialists.,http://www.normingtonandson.co.uk/
Landscape gardener,We offer an extensive range of services for landscaping project including:,http://qualityoutdoorrooms.co.uk/
Fierce PC,Fierce PC are a specialist provider of Computing services throughout Lancashire and the surrounding areas offering a wide range of reliable and great value sevices.,http://www.fiercepc.co.uk/
Contact Number UK,Provides usable contact numbers for companies that are difficult to contact by telephone and particularly those with phone numbers that are very difficult to find elsewhere.,http://contactnumber.co.uk/
www.illuminated-mirrors.uk.com,Illuminated-Mirrors offers an exclusive collection of designer illuminated bathroom cabinets that are built with innovative technology. All of our bathroom cabinets are manufactured to the highest quality and using the latest in energy saving technology.,http://www.illuminated-mirrors.uk.com/bathroom-cabinet-mirrors
Shibumi,"Stylish silk and cashmere coats, jackets, gowns, kaftans, waistcoats and more. UK sizes for women 6-26 and men 34-54. We also offer a bespoke service.",http://www.shibumistyle.com
www.jacksonsnurseries.co.uk,Jacksons Nurseries is a traditional family run UK garden centre located in the heart of the Staffordshire Moorlands just a short distance from the beautiful Peak District.,http://www.jacksonsnurseries.co.uk
Hearts and Home,Shabby Chic Homeware & Gifts,http://www.heartsandhome.co.uk
Corporate Photographer London,Helping London companies look approachable and professional with contemporary corporate photography and business headshots.,http://businessheadshotslondon.com
Beats Electrician Leeds,"Electrical Services throughout Leeds, Wakefield, Garforth and surrounding areas.",http://www.beatselectrician.co.uk/
FADS,"Online furniture shop selling beds, cabinets, desks and floral wallpaper.",http://www.fads.co.uk
www.boardwise.com,Boardwise stock a great range of Snowboarding trousers for men and women. We sell all the best brands in all the latest styles and you can by online and get your goods delivered free!,http://www.boardwise.com/c-95-mens-snowboard-pants.aspx
AJ Services Removals Bedford,AJ Services is a friendly removal company based across Bedford. Providing removals and storage and commercial and domestic customers.,http://www.ajservices.co.uk/
Email Append | Consumer Cloud Services,"Email append, process where we add email addresses to your customer and enquirer data. We have the single largest source of data for email appending..",http://www.consumercloudservices.co.uk/
"Cat Beds, Cool Cat beds, Cat Bed",A cat bed is the purr-fect accessory for pampering your cat  Its worth taking a bit of time when choosing a cat bed to ensure it meets your requirements.,http://www.kittykit.co.uk/15-cat-beds
Amtek Plastics - Injection Moulding,Bespoke plastic injection moulding for low and high batch numbers. Amtek Plastics also guide you through product design concept to product manufacture and assembly.,http://www.amtekplastics.co.uk
E-Liquid UK Store,"E-Liquid UK Store is the UK''s leading online retailer of electronic cigarette devices, e-liquid and other popular vaping accessories.",https://www.eliquidukstore.com
Oaktree Garden Centre and Nursery,Oaktree Garden Centre and Nursery supplies plants to landscape gardeners in the Bracknell area of Berkshire. Also a major garden furniture supplier.,http://www.oaktreegardencentre.co.uk/
London Man Van,"Professional Man and Van in London, reliable and efficient removals services within all London areas. Get a Quote or Book online with our online discount.",http://www.london-man-van.com
Prestige Medical Limited,It is important you keep all equipment decontaminated which is why our innovative products are well sort after in the UK.,http://www.prestigemedical.co.uk/uk/
Topceilingtiles,"High Quality Decorative Polystyrene Ceiling Tiles & Panels,Huge Selection,Low Prices,Check Now !",http://www.decorceilingtiles.co.uk
KWHPublishing Ltd Print and Web Design,Affordable print and web design in the UK.,http://www.kwhpublishing.com/
Peter Cross Preservation Liverpool,Professional preservation company covering Liverpool and Chester.,http://www.petercrosspreservation.co.uk/
IntelliHeat Ltd,"With over 12 years experience in the Electric Heating industry, Intelli Heat can confidently provide you with the perfect heating solution for any property.",http://intelligentheat.co.uk/
Finite Bookkeeping and Payroll Services,"Bespoke bookkeeping and payroll services for London and the Home Counties. Cost effective accounts preparation and timely submissions to HMRC for Payroll, VAT and CIS.",http://www.finitebookkeeping.co.uk
Lagenlook Luxe Unique Layering Clothing,"Lagenlook Luxe is an exciting new online fashion boutique offering an exclusive range of layering styles. Layering and draping styles including plus size clothing, available in sizes UK 10-22",http://www.lagenlookluxe.com
rentaltablets.co.uk,"London based company hiring iPads & iPads stands throughout the UK for use in exhibitions, trade shows and corporate events. Contact us for competitive pricing.",http://www.rentaltablets.co.uk
Urban Male Clothing,Urban Male Clothing are premium suppliers of the latest fashion by labels like Drunknmunky and Alpha Industries.,http://www.urbanmaleclothing.com/
Cheshire Refrigeration,Refrigeration and air conditioning specialist operating across Manchester.,http://www.cheshirerefrigeration.co.uk/
Bem Builders,Building refurbishment and DIY specialists baed in Kent. Offers a 24 hour emergency call out service.,http://www.bembuilders.co.uk
Aviator Sunglasses Shop,Buy designer aviator and wayfarer sunglasses online with confidence. We stock a wide range of shades to suit every budget.,http://www.aviator-shades.co.uk
Cheap Airport Taxis,"ATN Cars-Cheap airport Taxi Cab-minicab transfer Service from and to London Airport , Seaport & Station transfers. Up to 50% cheaper than London taxis.",http://www.cheap-london-airport-transfer.com
Painters & Decorators Carmarthen,West Wales Painters & Decorators (Carmarthen Carmarthenshire) provide painting and decorating services both domestic and commercial.,http://westwalesdecorators.co.uk
Ocean Dental,"Ocean Dental are a Manchester based cosmetic dentist providing a range of cosmetic and restorative treatments, as well as orthodontic work.",http://www.odental.co.uk/
Spy Guy,Cheaters Surveillance Services are a small reputable firm of private investigators based in South Yorkshire who specialize in matrimonial matters but are experienced in all fields of private investigation.,http://www.spyguy.co.uk/
Online Castors Supplier & Caster Wheels,Bulldog Castors - leading manufacturer of Caster Wheels & Casters UK .  Many of our Casters are produced here in the UK. High Quality Castors & fast delivery. Visit our website to buy Castors Online or call to discuss you Castor Wheels requirement.,http://www.bulldogcastors.co.uk
Forshaw Greaves & Partners Staffordshire,Professional architectural services in Staffordshire.,http://www.forshawgreaves.co.uk/architects-staffordshire.php
Affordable Roofing LTD - Roofers Devon,Affordable Roofing LTD are a roofing contractor business based within in the heart of Paignton in Devon. We are a well established family run roofing company with a combined experience of over 25 years.,http://www.roofingtorquay.co.uk
Guarantor Loans with a helping hand,"a guarantor loan means you can have the loan you need with the help of a friend or family, bad credit loans available.",http://Guarantor.co.uk
Removals Company Bedfordshire,We have been established for over 100 years helping people with their home or office moves. Industry leaders in the removals process.,http://harrisonandrowley.co.uk/
Direct Number UK,Customer services contact telephone numbers for every major business and organisation in the UK. For many companies you can get straight through without waiting in a queue.,http://www.direct-number.co.uk/
A2B Fashion - Lingerie Bras and Swimwear,"A large selection of swimwear, beach wear and Lingerie at discounted prices.",http://www.a2bfashionuk.co.uk/
Weatheroak Bathrooms,"Specialists in plumbing, tiling, plastering and more.",http://www.weatheroakbathrooms.co.uk/
Sports & Fitness: Buy Sports & Fitness,"Buy Sports & fitness equipment online at koxton.com - online sports & fitness shop.Best price available for sports & fitness goods.Free Shipping,Cash on delivery.Best Sports Shop to buy sports goods online",http://www.koxton.com
www.fyldestairparts.co.uk,"For ALL Richard Burbidge DIY and Commercial Products, ie: Contemporary Staircase Balustrade FUSION, IMMIX or ELEMENTS in Walnut, White Oak, Beech, Sapele or Pine.",http://www.fyldestairparts.co.uk/
London Carpet Cleaning LTD,We provide domestic and commercial cleaning services in all London boroughs at very reasonable rates. You can trust our team of experienced and NCCA certified carpet cleaners to deliver fantastic results!,http://londoncarpetcleaningltd.co.uk
GCS Communications,"Specialists in telephone systems, CCTV installations, computer cabling and more.",http://www.gcscommunications.co.uk/
Antala technical products for industry,Antala Ltd. is a trading company distributor of the best brands of technical products for the industry in UK and offer an excellent range of products,http://www.antala.uk/brands/dow-corning/
www.flowersdelivereduk.com,"With free next day delivery and a wide range of beautiful arrangements to choose from, Flowers Delivered make every occasion a special one.",http://www.flowersdelivereduk.com/
UK SEO Consultant Service Lewes Sussex,"As a UK seo consultant in Lewes Sussex, we offer a range of specialist services, including search engine optimisation, graphic design, website design and social media support, including customised local seo training and consultancy.",http://localseobusinesssolutions.com
nevellidesignerradiators.co.uk,"Nevelli has brought together a massive range of stylist yet practical designer radiators and towel rails in the most exciting styles, colours and shapes. If horizontal or vertical radiators are required, Nevelli has the range for your home.",http://www.nevellidesignerradiators.co.uk/
Medusa Juice,Medusa Juice is one of the best premium e liquid and electronic cigarette manufacturers and wholesalers in the UK. We have over 70 unique and wonderful flavours in our vape shop for you to choose from in a variety of nicotine strengths.,https://www.medusajuice.co.uk/
Cristini Carpets Cheshire,"Christini Carpets are a carpet and flooring store located ideally for clients throughout Cheshire and surrounding areas. Offering a range of carpets, vinyl, laminate flooring and wood flooring.",http://www.cristinicarpets.co.uk/carpets-cheshire.php
Knights Auto Recovery Reading,Knights Auto Recovery are a 24 hour local Car breakdown recovery service situated in READING BERKSHIRE with safe and secure overnight storage facilities.,http://www.knightsautorecoveryreading.co.uk
Door Handles,"www.doorhandles.co.uk is the online catalogue of Architectural Components Ltd., Londons oldest specialist supplier of quality British door handles.",http://www.doorhandles.co.uk
Flat Pack Houses,"Flatpackhouses.co.uk is one of the UKÆs leading websites for flat pack homes for sale. We specialise in engineered, environmentally-friendly wood products for structures.",http://www.flatpackhouses.co.uk/
Maranatha Bedrooms Wrexham,"Maranatha KB are a professional and well established home improvement company providing kitchens, bathrooms, bedrooms and home offices througout Wrexham and North Wales.",http://www.maranathakb.com/bedrooms.php
Corporate entertainment,Duncan William offers incredible corporate entertainment and after dinner entertainment which is guaranteed to leave your guests laughing in amazement. He has been booked by the likes of Coca Cola and Procter and Gamble.,http://www.playingwithminds.co.uk
Boots Dentist,"BootsDentists.com offer a wide range of procedures,whether you are looking for a cosmetic dentistry service, orthodontic treatment or just a regular check-up, we can do it all!",http://www.bootsdentist.com/
www.caringhomes.org,Caring Homes provides care homes throughout the UK  for the elderly.,http://www.caringhomes.org/
Plymouth Devon travel,"Everything you need to know about Plymouth, England including day trips around Devon, hotel and accommodation options and information on the 2020 festival and events.",http://www.plymouthdevon4u.co.uk/
Bright & Clean Carpet Cleaning,Bright & Clean Carpet & Upholstery Cleaning offer their services throughout Oxford.,http://www.brightandcleanservices.co.uk/carpet-upholstery.php
D. Sully & Son,D. Sully & Son are a removals company based in London and supplying the surrounding area.,http://www.sullys.co.uk/
My Mobility,"Specialists in mobility scooters, stairlifts, wheelchairs and more.",http://www.mymobilityltd.co.uk/
Boss Construction Services,"Specialists in building, home extensions, kitchens, bathrooms and more.",http://www.bossconstructionservices.co.uk/
Symonds Research,"We offer qualitative research services. We are a small but efficient team who have experience which includes in the travel and tourism, wayfinding and heritage sectors.",http://www.symondsresearch.com/
Worcester Powder Coating,"Provider of powder coating across Kidderminster, Dudley, Gloucester and surrounding areas.",http://www.worcesterpowdercoating.co.uk/
Phoenix Jayy,Phoenix Jayy was born from a passion to bring elegant and unique luxury fashion and costume jewellery into one fabulous collection  without the luxury price tags!,http://www.phoenixjayy.co.uk/
Builder in Oxford & Abingdon - Maconston Construction LTD,Maconston Construction LTD undertake construction works within a 50 mile radius of our offices and can offer the full remit of construction operations. We have vast experience in both residential and commercial projects. We can offer N.H.B.C. Certification for any new build (residential) schemes.,http://www.maconston.co.uk
Period House Store,"Period House Store supplies a wide choice of antique furniture which includes cast iron radiators, door furniture, combination fireplaces and more.",http://www.periodhousestore.co.uk/
John Law Orangeries Leicestershire,Leicestershire based conservatory and orangeries  specialist offering services across Leicester & beyond.,http://www.johnlawconservatories.co.uk/
Gipsy Lane Dental,Cosmetic dentist based in Leicester providing a range of services.,http://www.gipsylanedental.co.uk/
RAD Central Heating Installations,"RAD Mechanical Services specialise in a wide range of services, such as plumbing and heating installations.",http://www.radmechanicalservices.co.uk/central-heating.php
VIZEZ UKoffers fine tailored dress shirt,"Choose from hundreds of fabrics with many styling options. Easy and innovative measurements process. Fit, fabric and quality craftsmanship is guaranteed. Shipped in two weeks",http://www.vizez.co.uk/men/custom-dress-shirts/
Vapor King,Premium electronic cigarettes online at Vapor King UK.,http://vaporkinguk.weebly.com/
Brooks Furnishings,"Premium quality offers Rattan Garden Furniture, tables and chairs, sofa sets, corner groups, day beds, sun loungers, parasols in Romford, UK. Online selling products.",http://www.rattangardenfurniture4u.com
London Name Plate Manufacturing Co,"London Name Plate manufactures high quality, high performance nameplates and labels. Our products are used in every sector of industry and by the general public.",http://www.londonnameplate.co.uk
Downpipes for sport cars by Brondex,Brondex company manufactures a range of exhaust system components for tuning worldwide known automobiles.,http://brondex.com
Cresta Wedding Dress Cleaning Cambridge,"Cresta Cleaning are a professional dry cleaners based in Cambridge, offering a range of quality services including wedding dress cleaning, suit cleaning and much more.",http://www.cresta-drycleaningservices.co.uk/dry-clean.php
Affordable Web Design and SEO Services,Offering web design and SEO to individuals and small businesses which will suit any budget. Full CMS and Responsive website included in each web design package.,http://www.kdlwebdesign.co.uk
Stow Mobility Ltd,Stow Mobility Ltd are a Suffolk based mobility centre providing services for the less able since 2001.,http://stowmarkethealthcare.co.uk/
"Gifts for Dog Lovers, Gifts for Cat Love","Gifts for Dog Lovers, Cat lovers & Animal lovers. Exclusive UK designed home wares, jewellery & unique personalised items. FREE DELIVERY IN UK.",http://www.thecuriousdogshop.co.uk
Naughty Romance Extra Marital Affairs,Naughty Romance is an online dating service.,http://www.naughty-romance.co.uk/marital-affairs.html
Hop Skip & Jump,Hop Skip & Jump supplies a beautiful selection of kids and babies designer footwear items on sale through their website. Fantastic savings.,http://hop-skip-jump.co.uk/
Roofers Birmingham - Adam Askey Roofing Contractors,"We are commercial and domestic roofers providing repairs and flat roofing services based around Sutton Coldfield, Solihull, Birmingham, Coventry, Warwick and Warwickshire.",http://www.roofingbirmingham.co.uk/
Switching Energy Suppliers UK,"Switching energy suppliers for your home has never been so easy! With vswitchusave, simply enter your postcode to compare prices of energy providers in your area and make the switch today to save up to £500 on your monthly gas and electricity bills.",http://vswitchusave.co.uk/
Digital Marketing Manchester - Get Clicked On,"Get Clicked On - Fulcrum Media Ltd, is a Digital Marketing agency based in Manchester. We honestly care about your business, and want ALL our Clients to see results from using one of our services, whether that is SEO, SEM, one of our Social Media packages, or simply benefiting from our low cost web design service.",http://www.getclickedon.co.uk
Number Directory,An alternative UK Telephone Directory for major UK businesses including customer services and various departmental contact numbers.,http://www.number-directory.co.uk
"Leather jackets online webstore, afforda","We sell Leather Jackets, globally with free international shipping. Visit e-LeatherJackets and experience the wide range and class of men''s leather jacket, women''s leather jacket, kid''s leather jacket or celebrities",http://www.e-leatherjackets.com
Todd & Clarke Opticians,Hull based opticians providing quality eye care services for over 30 years.,http://www.toddandclarke.co.uk/
Statement Kitchens. Based in Yorkshire.,Statement Kitchens is an established family owned kitchen design and installation business based in Yorkshire. Our kitchen planner works with you to create kitchen ideas and kitchen designs that ensures your new kitchen reflects you and your family.,http://www.statementkitchens.co.uk/
Bedford Family Law,Bedford Family Law provide a range of solicitor services throughout Bedford and surrounding areas.,http://www.bedfordfamilylaw.com/
Wrong Fuel Help - fuel drains for cars,At Wrong Fuel Help we are here to solve any type wrong fuel problem. Our phone support lines are open 24 hours 7 days a week and our technicians are always on standby.,http://www.wrongfuelsos.co.uk
Notcutts Garden Centres,"With a wide range of garden products available both in-store and online, Notcutts provide a total gardening solution for professionals and novices alike.",http://www.notcutts.co.uk/
Business and Management Consultant,Jens Moeller Consulting (JMC) collaborates with its clients to enhance their organisational and personal performance. JMC provides both strategic and hands-on knowledge about Organisation Development (OD) and Personnel Development.,http://www.jmoellerconsulting.com/
www.stopgardenmoles.co.uk,"We offer a one-stop shop for DIY garden mole pest control products and supplies for all your needs in deterring, stopping and getting rid of problem garden moles whether in the UK or Europe.",http://www.stopgardenmoles.co.uk/
French Connection,"Shop women's dresses at French Connection. From Evening, Day and Maxi to Embelllished and Sleeveless Dresses",http://www.frenchconnection.com/category/Woman+Collections+Dresses/Dresses.htm
Touring Gear,"Touring Gear supply camping equipment for vehicle based overland travel, camping and Bushcraft. Our range includes camping cookware, campfire grills, camping stoves and lanterns, expedition foods, overlanding guides and 4x4 vehicle equipment.",http://www.touring-gear.com
Tylney Hall Hotel Basingstoke,Tylney Hall is a Grade II listed building and remains an outstanding example of a luxury country house hotel that has never lost its old world sense of charm,http://www.tylneyhall.co.uk/
Office Clearance by Anyjunk,Office clearance by AnyJunk - have your IT equipment & office furniture removed by our professional teams. Call 0845 111 9000.,http://www.anyjunk.co.uk/office-clearance
Repair A Sash,Save yourself the hassle of repairing your sash windows. Repair A Sash will renovate and restore your old sash windows back to their old condition.,http://www.repairasash.co.uk/
DrEd,Our online doctor service enables you to obtain medical treatments and tests for specific conditions without needing to visit a doctor in person.,https://www.dred.com/uk/
Bradford Decorators Oxford,Bradford Decorators provide a range of decorating and painting services throughout Oxford and Oxfordshire.,http://www.bradforddecorating.co.uk/
Plastic and zinc guttering & Water butt,Order all-in-one gutter kits online. Plastic & zinc | In stock | Competitive price | Free shipment | Free returns | Up to 10-year guarantee,http://www.guttering-expert.co.uk
Hand Made Basin Company,The Hand Made Basin Company produce high quality hand thrown ceramic hand basins and single bowl sinks in a variety of styles and finishes.,http://www.handmadebasin.co.uk
Wave Digital,Wave Digital are the UK''s leading online specialist for all things digital. We design and develop websites which are optimised for mobiles for any business no matter what the industry.,http://wave-digital.co.uk/
electric bike,"Ebikes Store is a professional bicycle online shop,provide best Electric mountain bikes,best city electric bikes,best fat electric bikes,best folding electric bikes,best road electric bikes the integration of China''s largest bicycle online mall!",http://www.ebikes-store.com
Face Clinic London,Face clinic London are a facial aesthetics clinic offering a wide variety of treatments including wrinkle and sweating and also Dermal Filler. They also have clinics on Harley street and soho.,http://facecliniclondon.com/
Ila - Organic Skincare & Spa Products,"Specialists in organic and natural skincare, Ila source the finest natural ingredients to bring their customers the ultimate in luxury beauty products, that are kind to the skin at the same time.",http://www.ila-spa.com/
Little Bundles of Joy | Baby gift ideas,"We have a wide range of baby gifts at reasonable prices, including our Disney range!",http://www.littlebundlesofjoy.co.uk
Cyan Teak Furniture,"Cyan is a leading provider of high quality sustainable teak and woven synthetic rattan garden and leisure furniture with integrity, great value, craftsmanship and style. For luxury homes and gardens.",http://www.cyan-teak-furniture.com
Flame On Plumbing & Heating Bradford,I am an honest and hardworking plumber that''s been in the business for 15 years.,http://flame-on-bradford.co.uk/
Tradeguide24,Tradeguide24.com is an international stocklot  and wholesale online trade platform which makes it easy for anyone to buy or sell online anywhere in the world.,http://www.tradeguide24.com/
Carlson Wagonlit,Carlson Wagonlit Travel are an international business travel management company that assist with all aspects of corporate travel for businesses of all sizes.,http://www.carlsonwagonlit.co.uk
Commercial & Industrial Roofing,"Operating nationally, for main contractors and direct to the client, we are able to offer a complete package of design, supply and installation.",http://www.tlcindustrialroofing.com/
Bouncy Castle Hire In Cornwall,"Claire''s Castles provides bouncy castles, inflatables, soft play and much more. From the simple back garden hire to corporate and events.",http://www.clairescastles.co.uk
Quality Carpets,"A small online retailer of quality carpets and flooring. Quality Carpets, the perfect place for quality carpets. We hae an excellent selection of high quality carpets and vinyl flooring.",https://www.quality-carpets.com
Bedford Self Storage,Bedford Self Storage provide a wide range of self storage.,http://www.bedfordselfstorage.co.uk/
Carrington Blake Accountanct,We are an accountancy practice based in South Quay in East London just a stones throw away from the iconic Canary Wharf.,http://www.carringtonblakeaccountancy.com/
Inspired Hair Design Stafford,Inspired Hair Design are a professional hairdressers based in the Penkridge area of Staffordshire.,http://www.inspiredhairdesign.co.uk/
Argrove Ltd,UK Construction Company - Argrove. Professional building contractors and Architects in London and the UK.,http://argrove.co.uk
Holidays 2 North Cyprus,"Holidays2northcyprus.co.uk is a specialist blog for holidays in North Cyprus. We are providing the information about the best deals and offers on flights, car rental, private villas, luxury hotels and packaged holidays in North Cyprus.",http://www.holidays2northcyprus.co.uk/
RCL - Professional Office Cleaning,RCL Office Cleaners are considered to be one of Londons best commercial cleaning companies which always provide service that is very professional. Whats more we do offer it at highly competitive price.,http://officecleaners-london.co.uk/
Website Design SEO Poole,"Website Design SEO Poole specialises in all aspects of web site design and search engine optimisation. Bespoke websites, package deals, CMS, e-commerce sites and blogs. Reliable and trustworthy service, priced fairly to suit every budget",http://www.ludaco.co.uk/
Luxury Leather Handbags,"Sells ladies designer Italian leather handbags, leather shoulder bags, leather laptop bags, leather jackets, leather satchels and clutch bags and leather purses.",http://www.luxury-leather-goods.co.uk
Electrician in Rugby,"Hi I am Andy Kirton T/A  ASK Electrix, we specialize in domestic electrics from changing a light bulb in your home to full rewire including home appliances and we are always On Time  Guaranteed Because You Value Your Time   Call Me 01788 220175",http://www.askelectrix.co.uk
Roofcraft - Flat Roofing Specialist,"Roofcraft are a roofing contractor business based in Southport. We are specialist in Flat Roofing and rubber roofing systems for domestic and comercial clients, trusted by many in the comercial and industrial sectors. We have even seen on Grand Designs Television programme.",http://www.roofcrafts.co.uk
www.VictorianPlumbing.co.uk,"One of the leading bathroom retailers of the UK, Victorian Plumbing has always kept pace with the transforming demands of the customers. Providing high-quality bathroom products and accessories at competitive prices.",https://www.victorianplumbing.co.uk
Sports Travel Zone,"Sports travel opportunities from around the world including football, rugby, horse racing, boxing, sailing and winter sports.",http://www.sportstravelzone.com/
Motion Gates,Motiongates is a trading name of Wellington Security Products. We are a family owned and managed business with many years experience in engineering and fabrication.,http://www.motiongates.co.uk/
Corporate Headshots London,My aim is to supply clients with corporate headshots in London at a competitive rate.,http://www.corporateheadshotslondon.com/
The Grand in Eastbourne,"Situated on the seafront at Eastbourne in East Sussex, The Grand boasts luxury 5 star hotel status, spa and exceptional conference and wedding facilities",http://www.grandeastbourne.com/
World Dance Heritage Research Centre,The World Dance Heritage portal s about promoting and celebrating all dance forms from all over the world.,http://www.worlddanceheritage.org/
ROGER SMALLMAN & CO LTD,"At Roger Smallman and Co Ltd, our experienced team of chartered accountants  have been serving small businesses with regards to capital gain tax, payrol management, tax accountants & accountancy in Southampton.",http://www.rogersmallmanltd.co.uk
Sofa Cleaning by Sofa Cleanic,London Sofa Cleanic,http://www.sofacleanic.co.uk
Paul Keppel Photography,"Paul Keppel is a a professional photographer based in Falmouth, Cornwall. I specialise in wedding photography covering the whole of the UK but predominantly in Cornwall Devon, and Somerset.",http://paulkeppel.co.uk/
Walkie Talkie Hire & Event Services,"Communic8 hire two way radios (walkie talkies) and provide Outdoor PA Sound Hire along with stage lighting, wedding lighting and other various lights for your events.",http://www.radio-hire.co.uk
HBB Mobile Sports Massage,"Professional Mobile Sports Massage in Hertfordshire, Bedfordshire and Buckingshire.  Experienced in Sports Massage, Deep Tissue Massage, Relaxational Massage, Lymphatic Drainage Massage and Pregnancy Massage.",http://www.hbbmobilemassage.webs.com
Audio Video Accesories Specialist,"We are wikson Electronics we specialise in Developing and Selling all kind of Video audio connecting products from Hdmi Cables, Switches Splitters ,video Converters ,Hdmi Matrix ,Extenders in United kingdom",http://wiksonelectronics.com/
Carmarthen Painters & Decorators,"Carmarthen Painters and Decorators is Your Friendly, Local Home Decorating service.",http://www.carmarthenpainteranddecorator.co.uk
RFC Services,"Specialists in fireplaces, wood burners, stoves and more.",http://www.rfcservices.co.uk/
Oven Cleaning by Oven Cleanic,London Oven Cleanic,http://www.ovencleanic.co.uk
Ardosia Slate,"Ardosia Slate is a Devon based manufacturer of slate products. From bespoke slate worktops to wall cladding, tiles and slate flagstones, Arodisa has a reputation for producing high quality products using Brazilian slate.",http://www.ardosiaslate.co.uk/
Vittone Kitchen & Bathroom Fitters,"We''re the experts in home refurbishment, including kitchen, bathroom, flooring and heating installation. High quality workmanship paired with a professional and discrete service. Gas Safe registered.",http://www.vittone.co.uk
The Mechanical Workshop,Professional suppliers and fitters of a wide range of automatic transmission parts.,http://www.mechanicalworkshop.co.uk/
Five Star Roofing,The professionals in both domestic and commercial roofing services. We specialise in both new roofs and repairs in Leicester and surrounding areas.,http://www.five-star-roofing.co.uk/
North Cyprus Holidays,"A UK based travel website offering great value holidays to North Cyprus. Book your holidays, flights and car rental online today.",http://www.northcyprus-holidays.co.uk
Gateway Locksmiths Surrey,Locksmith operating throughout Surrey.,http://www.gatewaylocks.co.uk/
Marquee & Sound System Hire Wales,"Event hire based in Carmarthen,Carmarthenshire,West Wales. Marquee hire, indoor and outdoor stage, trussing, sound systems and stage lighting for festivals, fêtes, shows, weddings, music, sporting and corporate events.",http://www.eventhire.wales
Draintech Services,Drainage specialist operating throughout Northampton & Bedfordshire.,http://www.draintechservices.co.uk/
Van Bitz,Advanture has been providing van equipment for to the fleet industry for several years.,http://www.vanbitz.co.uk
CAD Joinery,"Joinery and Interior specialists covering Oxford, Abingdon, Witney and surrounding areas.",http://www.cadjoinery.co.uk/
Worldwide massage directory,Worldwide massage directory is a network created for massage therapists to advertise their services and find new clients. Also people can buy body care products and read articles about massage therapists and alternative therapy.,https://www.massage-directory.net/
Sash & wooden Windows London,"Sash windows have been used in making houses since classical times and since them it has been in the trends. To understand it better, you can also say that sash windows are movable panels that are set in the frame.",http://www.sashwindowsgold.co.uk
Mobbo Taxi - Top London Minicab Service,We at Mobbo Taxi provide fast & reliable airport transfers and car hire services in London.,https://mobbotaxi.co.uk/
Twitchill Holiday Cottages,A number of self-catering holiday cottages available for rent in the Peak District.,http://www.twitchill.co.uk
County Building Supplies,"County Building Supplies is a builders merchants based in Worcestershire that serves trade, DIY and private buyers across the Midlands and Monmouthshire with quality, competitively priced timber and building materials.",http://www.countyonline.co.uk
The Natural Rug Store,Offers luxury natural rug and runners. A completely bespoke service where all rugs can be designed online.,http://www.naturalrugstore.co.uk
Big Top Wedding Marquees Bedfordshire,Professional marquee hire company for all occasions.,http://www.bigtopmarquees.co.uk/furniture-hire/bedfordshire-bedford.php
Pond Keeper,"Pond liners, pond pumps, pond vacuums and more.",http://www.pondkeeper.co.uk/
The Baby Shoe Company,A wide selection of soft soled shoes for babies and toddlers.,http://www.thebabyshoecompany.co.uk
"Essential Oils, Soap, Oil Burners, Gifts","Incense Aromatherapy sell Incense, Aromatherapy Oils, Aromatherapy Soaps, Essential Oils, Room Fragrances, Oil Burners, Incense Holders, Candles, Candle Holders, Wind Chimes and gifts. We are based in the Spa town of Bath, UK.",http://www.incensearomatherapy.co.uk
Resin Bound Driveways,We specialise in installation of resin bound floors and resin bound driveways,http://resinboundspecialists.co.uk/
Stylish marquee hire  services,"Stylish marquee hire  24 hour personalised service - 020 8546 7373. London, Surrey, Berkshire, Middlesex, Sussex, Hertfordshire and Essex. Events up to 1000 guests.",http://www.countessmarquees.com/
Pathfinder Nutrition & Dietitian Service,Pathfinder Nutrition & Lifestyle provides health & weight loss advice and coaching from Andrew Wilson Registered Dietitian and healthcare professional,http://www.pathfinder-nutrition.co.uk
Umbrella Security Services Coventry,"Umbrella Security Services is a proven provider of manned security services across the Midlands. They are able to offer security guards, events security and other services for businesses and organisations throughout Coventry, Birmingham and Nottingham.",http://www.umbrellasecurityservices.co.uk/
www.supplementsmegastore.com,Sports supplements suppliers across the Uk delivering the top brands.,http://www.supplementsmegastore.com
Audio and Video Digitization Services,We transfer/convert audio and video to CD/DVD or any computer format.,http://mediasos.co.uk/
Casablanca Cakes ~ Home made cakes,Casablanca Cakes is a small family business which has over 20 years of experience in the baking field passing down the skills and knowledge from generation to generation in order to accomplish some of the best home made cakes in the Bradford area.,http://www.casablanca-cakes.com
Home from Home Care,"Home From Home Care provides a range of specialist needs-led services for adults (18-64) with learning disabilities and complex support needs including Autism, Epilepsy, Severe Learning Disabilities, Profound and Multiple Learning Disabilities.",http://www.homefromhomecare.com
website design in argyll,providing trade websites to professionals,http://www.websitedesigndeals.co.uk
Shawcity Ltd,"Shawcity supply a range of monitoring instrumentation, including VOCs, Gases, Temperature, Humidity, Pressure, Gas leaks, Sound, Noise, Vibration, Air quality, Dust, Mercury and Heat stress monitors.",http://www.shawcity.co.uk/
Bellview Transport,Bellview Transport provide a removals service throughout Oxford.,http://www.bellviewtransport.co.uk/
True Build,"True Build are a general building firm based in Skipton. We specialise in extensions to domestic and commercial buildings, barn renovations, alterations to buildings.",http://www.truebuild.biz/
Floor Sanding London,Floor Sanders who can bring the from your dull and worn out Floors. Floor Sanding and Wood Floor Restoration Services London.,http://floor-sanding-in-london.co.uk/
British made Grain Free Dog & Cat Food,"We supply British made Natural Grain Free Dog & Cat Food, Treats and Toys. We have our British Dog treat box, delivered to monthly to your home. And our Pet Butler service, monthly deliveries of Pet Food to your home, access to your own control panel.",https://www.myanimal.co.uk
Shop 4 Labels,"Shop 4 Labels has a wide selection of sticky and adhesive labels in stock for you to order, simply browse our site and buy online.",https://www.shop4labels.co.uk/
Garden Fencing North London,Garden Fencing North London from Greenfellas fence installers and landscaping experts.,http://www.fenceinstallersnorthlondon.co.uk/
www.j-lou.com,Established 2001 our online ladies fashion website has built it''s client list on quality and customer service.,http://www.j-lou.com
Designer Warmth Radiators,"An extensive and affordable selection of radiators, towel warmers and heated towel rails many of which we hold in stock at out premises, is what you can expect to find when dealing with Designer Warmth Radiators",http://www.designer-warmth-radiators.co.uk/
UK SEO EXPERT,"Here at Redergseo, we provide UK companies with expert website SEO. We have achieved great success over the past few years leading the way when it comes to getting your website seen by your future customers.",http://redbergseo.com/
Peter Elliot Driving Instructor,Peter Elliot is a fully qualified and experienced driving instructor offering driving tuition for drivers of all abilities.,http://www.bristoldrivinginstructor.co.uk/
NLP and hypnotherapy Training,"Salus Academy train, support and develop therapists who work at an integrative level with clients on a wide range of life issues that cause them distress and emotional dis-ease.",http://salusacademy.co.uk
"rubber o ring, o ring cord,o ring kit","we make full range of qulaity rubber products: O-Ring, O-Ring Cord, O-Ring Kit and",http://www.woloring.com
Yoga Bliss,"We specialize in quality yoga mats, yoga clothes, mat bags and accessories. From beginner to advanced, we have yoga products to suit all abilities. Buy with confidence from our online yoga shop.",http://www.yogabliss.co.uk
W.K House Clearance,House Clearance Service Throughout The UK. All Aspects Of House Clearance.,http://www.wkhouseclearance.com
www.sr-law.co.uk,LITIGATION and LEGAL CLAIM SOLICITORS,http://www.sr-law.co.uk
MacWard Minibus Hire,"With over eight years of experience in the passenger transport industry, Macward Travel offers luxury mini coach hire to customers throughout the UK.",http://macwardtravel.com/
"Wholesalers of Bed linen, towels, tents","we are wholesalers of bedding, towels, tents, bell tents. we do all sorts of bed linen and towels including terry, kitchen towels and bathrobes.",http://www.sabritex.com
Sheerwater Glass,Sheer Water Glass are experts in window installation and construction of porches and canopies. For all of your double glazing repair and maintenance needs go with the company with over 40 years of experience.,http://www.sheerwaterglass.co.uk
Ross Castors UK,"Ross Castors is the UK''s leading supplier of castors, wheels, tube end fittings, handwheels, adjustable feet and related accessories.",http://www.rosscastors.co.uk
Sheffield Computer Services,"Laptop, MacBook and desktop computer repair - PCs and Macs. Website design and IT tuition",http://sheffieldcomputerservices.co.uk/
Trianco,"Trianco provide a range of perfectly engineered and produced heating products for homeowners and businesses, including the hugely successful Aztec electric range to wood pellet biomass boilers.",http://www.trianco.co.uk/
Electric Bike World,"Cycling is a great form of cardiovascular exercise. If you''re looking to get serious about cycling, visit Electric Bike World to choose your next model.",http://www.electricbikeworld.co.uk
Walmley Dental Practice,Professional dental practice specialising in a wide range of treatments.,http://www.walmleydental.co.uk/
F & G Zinc Copper Roofing Contractors,"Copper roofing, Zinc roofing, Steel roofing,",http://www.fgcopperzincroofing.co.uk/
Roade Cars,Professional airport transport service for both corporate trips and holiday travel.,http://www.roadecars.co.uk/
BT & GM Dean,"A professional garage offering services for a wide range of commercial vehicles, such as trucks, agricultural vehicles, trailers and more.",http://www.btgmdeanmotoreng.com/
Allisons Carpet Care,Allisons Carpet Care provide carpet cleaning and are carpet cleaners.,http://www.allisonscarpetcare.co.uk/
Hotels near the 02 Arena,Hotels near the O2 is an online hotel booking site for Hotels near the O2 in London and Hotels near the O2 in Dublin,http://www.hotelsneartheo2.com/
Tradu24,"Tradu24 is a technology driven translation agency with a team with over 5,000 language specialists all over the world. We translate into and from 85 different languages.",http://www.tradu24.com
The Money Map,"A reliable financial company, located in Sheffield",http://www.themoneymap.co.uk/
Aylesbury Damp Cure,Aylesbury Damp Cure provide damp proofing.,http://www.aylesburydamp.co.uk/
AT Brown & Son Carpet Cleaners Leicester,"Professional carpet cleaning services, in Leicester, Market Harborough and the surrounding areas.",http://www.atbrownandson.co.uk/carpet-cleaning.php
Cooker Care Surrey,Oven Repair across Southern England and surrounding areas.,http://www.cookercare.com/surrey
D&D; Marquees,Since we strongly established ourselves in the wedding marquee market in the early 90s we have supplied thousands of marquees to countless happy couples all of whom have been delighted with our support and the high quality of our product.,http://www.danddmarqueehire.co.uk/
DermaNutri - Advanced Skin Nutrition,"With our sound focus on skincare and wellness, we work closely with select experts in the field of skin health, anti-ageing and nutrition, to bring you the most effective, all natural, professional grade products and advice on managing your skin concerns.",http://www.dermanutri.com
1st Class Transport,"Pallex associated haulage firm providing haulage and palletised freight throughout Northampton, Milton Keynes and surrounding areas.",http://www.1stclass-transport.co.uk/
Pochat Training,"We love teaching and keeping people safe. We run courses in First Aid, Food Safety, Fire Safety and Health and Safety.",http://pochattraining.co.uk/
Silent Night,With over 60 years experience as the UK's favourite bed and mattress manufacturer we have made it our mission to help everyone find their perfect sleep solution.,http://www.silentnight.co.uk/
SEO Expert,A personal website belonging to a professional SEO expert from United Kingdom that offers services for search engine optimization using only modern inbound marketing techniques.,http://www.paulhoda.co.uk
www.phd-fitness.co.uk,PhD Health & Fitness Specialists are a leading supplier of fitness equipment in the UK for use in gyms and also at home.,http://www.phd-fitness.co.uk
Richard Ward Funeral Services,"Specialising in headstones, monumental services and funerals.",http://www.rwfs.co.uk/
Maintracts Ltd,"Maintracts Services, based in Wandsworth South West London and Established since 1974 provide knowledgable experienced plumbers, electricians, boiler engineers, gas fitters and drain clearance to South London.",http://www.maintracts.co.uk
Shiny Window Cleaning London,The company offers high quality window cleaning services in the London area. They have a team of carefully vetted and fully insured professionals. Available 24/7 and always ready to answer all your questions.,http://www.shinywindowcleaninglondon.co.uk
Platts Horticulture,"Platts Horticulture provides excellence in Garden Design, Landscaping, Garden Maintenance & Commercial Grounds Maintenance across Surrey, Kent, Sussex & London. We also offer a range of products & services such as Lighting, Pergolas & Garden Buildings.",http://www.plattshorticulture.co.uk
Radiant Aesthetics,Radiant Aesthetics are a Blackburn based surgery that specialise in Botox and Laser Liposuction cosmetic surgery procedures and treatments.,http://www.radiantaesthetics.co.uk/
Approved Rubber Roofing Contractors Ltd,"We cover the Stoke-on-Trent area, Staffordshire and Cheshire including Stockport. ARRC Ltd demonstrates experience & a portfolio of a vast spectrum of rubber roofs from small outbuildings right through to thousands of square feet of industrial units.",http://www.arrcltd.co.uk
Riverside Financial - IFA Surrey,Professional Independent Financial Advisor (IFA) offering a wide range of financial services.,http://www.riversidefinancial.co.uk/ifa.php
Jolee Tablecloths,"We stock a great selection of PVC vinyl tablecloth, oilcloth tablecloths and tablecloths in an array of designs and colours at affordable prices!",http://www.joleetablecloths.co.uk/	
3 in 1 Responsive Web Design,"3 in 1 are an Adobe-qualified, award-winning team of designers and SEO guys. They offer small business SEO and competitively priced websites designed to look equally good on mobile tablet & desktop. They cover the counties of Essex Kent and London.",http://www.3in1.co.uk
Old Bicycle Shop,"In 2007 the Old Bicycle Shop opened its doors on eBay selling mainly faceted beads and recently we have moved into gorgeous, hard to find vintage beads.",http://www.oldbicycleshop.co.uk/
RB Glazing Composite Doors,"RB Glazing are a leading provider of quality glazing services, PVC windows and composite doors across Wakefield and surrounding areas.",http://www.rb-glazing.co.uk/composite-doors.php
Funky Bean Bags From Mr Beanbag,Mr Beanbag offers a wide selection of indoor and outdoor beanbags for your home.  Featuring only genuine Kaikoo beanbags in a wide selection of colours and styles.,http://www.mrbeanbag.co.uk/
AHF,AHF is the leading regional furniture and carpet chain in the UK with an established base in the East of England where it has traded for the last 30 years and become famous for design innovation and excellence.,http://www.ahf.co.uk/
The Bridge Marketing,"Professional marketing and advertising agency, specialising in wide range of services, including PR, social media and direct marketing.",http://www.thebridgemarketing.co.uk/
The Elms Retirement Village,"Our award-winning luxury retirement park home village has over 300 independent retirement homes available to live in all year round. We currently have a range of retirement park homes for sale, each with their unique benefits.",http://www.elmsretirementpark.co.uk/
Anns Pantry,Anns Pantry are a catering company based in Bedfordshire,http://www.annspantry.com/
"Vectis Karma, Peaceful images & products","Vectis Karma - Peaceful products and images for a more relaxing life. Unique photo greeting cards, Quality Japanese incense and Buddhist Artifacts, from modern Zen to Antiques from Cambodia, Burma etc.",http://www.vectiskarma.co.uk
South West London Tree Surgeons,"South West London Tree Surgeons is a professional tree surgery company, providing a full range of arboricultural services in all areas of London including Putney, Wandsworth, and Wimbledon. We supply tree felling, tree pruning and tree stump removal.",http://www.southwestlondontreesurgeons.co.uk
Buds & Bows of Kenilworth,Buds & Bows of Kenilworth provide flowers throughout Kenilworth and the surrounding areas.,http://www.budsandbows-flowers.co.uk/
S.E.H Kelly,"Clothes made in England, the UK, and the rest of the British Isles. Shirts, jackets, trousers, knitwear  all made with British cloth in British factories.",http://www.sehkelly.com/
Viking Strong Supplements For The Strong,"Viking Strong Supplements offer the best in sports nutrition. Shop by Brand, Sport, Goal or Product type.",http://vikingstrongsupplements.co.uk
www.jfjwoodflooring.co.uk,"For really high quality engineered wood flooring visit www.jfjwoodflooring.co.uk including engineered oak, engineered walnut and solid oak floorboards with free delivery and free samples.",https://www.jfjwoodflooring.co.uk/
Beauty Express,Buy professional salon supplies online at Beauty Express. Browse the vast range of brands and products in stock.,http://www.beautyexpress.co.uk/
Foxtons House Clearance,"Foxtons offer a discreet, reliable, professional house clearance service. We perform full house clearances and cover all areas in the UK.",http://www.foxtonshouseclearance.co.uk
Astro Turf Glasgow,"Scot Turf is Scotland''s leading supplier and installer of artificial grass. We''re Scotland''s ONLY approved supplier of ''Real Turf'', one of the world''s leading manufacturers of high quality, durable artificial turf.",http://artificialgrassscotland.direct/
WELCOME TO 2LOOK AND CREATIVITY,"I''m a portrait and fashion photographer residing in the beautiful town of Chesterfield. Our goal is to make you feel empowered, gorgeous, confident, and be proud of your photographs.",http://www.2lookphotography.com
Affordable bags and accessories,Stockist of womens fashion handbags and affordable Jewellery in the UK,http://www.belindashandbagsandaccessories.co.uk
Runabout Autocentre MOT,"Professional car garage offering MOTs, car servicing and more.",http://www.runaboutautocentre.co.uk/mots.php
connectdata.co.uk,Network Cabling and IT Installation contractor.,http://www.connectdata.co.uk
Listed Building Restoration Wales,Listed Building Restoration ( Carmarthenshire West Wales )  are a business with a long history of working with historic & listed buildings in wales and throughout the UK,http://www.listedrestoration.co.uk
Active Environmental Services,Active Environmental Services are a pest control company. They operate throughout Worcester and Malvern.,http://www.activeenvironmentalservices.co.uk/
SYK End of Tenancy Cleaning,SYK - London Cleaners is a cleaning agency in London that offers professional end of tenancy cleaning.,https://syk-cleaning.com
buypestcontrolproductsonline.co.uk,"We are UK suppliers of pest control products for killing or repelling, stopping and getting rid of household or garden pests.",http://www.buypestcontrolproductsonline.co.uk/
thehouseintown.co.uk,"The House In Town offers unique jewellery, unique fashion and unique gifts for women. It really is a place to visit if you are looking for unique pieces",http://www.thehouseintown.co.uk
GF Compressors,GF Compressors are a leading supplier of a range of air compressors.,http://www.gfcompressors.co.uk/
R. White & Sons Tiling.,R. White & Sons Tiling. is a Bristol based wall and floor tiling company mainly serving the Bristol & Bath area. See our website for more Details.,http://rwhiteandsonstiling.co.uk/
Riverside Small Animal Vets,Riverside Veterinary Centre is a practice covering Stratford-Upon-Avon and Warwickshire.,http://www.riversidevetcentre.com/services
Monmouthshire Conservatory Company,"Provider and supplier of quality windows, doors and conservatories across Monmouthshire and surrounding areas.",http://www.monmouthshireconservatorycompany.co.uk/
Wet and Wild,Here is one great chance for you guys to get wet and go wild. Let us organise something different with some drinking of course.,http://www.edinburghstagparty.com/packages/edinburgh-stag-weekend-package-wet-and-wild.htm
Wide Fit Shoes,"Wider Fit Shoes Ltd is the mail order arm of DB Shoes Ltd, a long established UK manufacturer of wide fitting footwear since 1920. We are based in the same building as the factory at Irchester Road, Rushden, Northamptonshire.",http://www.widerfitshoes.co.uk/
Bally Chohan IT Solution,Bally Chohan IT Solutions is a web design company based in Birmingham who also provide e-commerce website designers Our e-commerce solutions.,http://www.ballychohan.com/
Woburn Chemicals Luton,Woburn Chemicals have been established since 1969.,http://www.woburnchemicals.co.uk/
Travertine World,"Travertine World supply high quality natural stone products for bathrooms and wet rooms including bespoke baths and natural stone shower trays, tiles and wash hand basins.",http://www.travertineworld.co.uk
Deckbuilders UK Ltd,Deckbuilders are a professional and experienced team who produce high quality decking solutions for domestic and business customers.,http://www.deckbuildersltd.co.uk/
London Budget Hotel,"Kensington West is a budget London hotel close to Hyde Park, Harrods, Olympia and Earls court Exhibition centre. Offering 24 hour reception, airport transfers, wireless internet, flat screen tvÆs, refreshments, and much more.",http://www.kensingtonwest.org
Needham Mortgage Centres,Providing quality mortgage advise and services to both first time and experienced buyers.,http://www.themortgagecentres.co.uk/
Prestige Dry Cleaners,Providing a range of quality dry cleaning and key cutting services throughout  Milton Keynes and surrounding areas.,http://www.prestige-drycleaners.co.uk/
E Cigarette Retailers and Wholesalers,Electronic Cigarettes online one of the best E cigarettes - Eliquids - eJuice - Modification - Wholesalers and Retailers - More information - faster delivery - huge stocks,http://www.ejuice-wholesale.co.uk
Regency Fireplaces,Regency Fireplaces have been a family run business since 1958.,http://www.regencyfireplacesltd.co.uk/
Cottage Removals,"Professional removals and storage company, operating in Northampton, Wellingborough, Kettering and Daventry.",http://www.cottageremovals.co.uk/
London Rolfing - Naomi Wynter-Vincent,"Rolfing is a structured course of treatment that can help with back pain, posture problems and unresolved injuries: a tune-up for the whole body. Naomi Wynter-Vincent is a certified Rolfer, yoga teacher and massage therapist in London and Luton.",http://londonrolfing.com/
Doors & More,Suppliers of internal and external doors who deliver throughout the UK. Full ranges of stair cases and windows also in stock. Doors & More are official suppliers of the full range of Jeld-Wen products.,http://www.doorsonlineuk.co.uk/
Fabulous Online Toy and Book Shop,"We sell a selection of toys and gifts for the little (and not so little) people in your life, including wooden toys and jigsaws, art and craft materials, sticker and activity books, wall murals and soft toys.",www.4littlepeople.co.uk
Serene Order Designer Boutique,The Serene Order designer boutique features a great selection of both mens and womens designer clothing from many big name brands.,http://www.sereneorder.com/
Limes Dental Practice,"The Limes Dental Practice is a private dentist in Gloucester. We offer a full range of dental treatments to patients of all ages and provide private cosmetic dentistry. Treatments include tooth whitening, dental veneers and dental implants.",http://www.limesdentalpractice.com
Scorpio Fast Food,"Scorpio Fast Food is a takeaway based in Leek, Staffordshire. The Scorpio Fast Food offer great tasting currys, pizzas, burgers, Kebabs and Southern Fried Chicken. Order online at Scorpio Fast Food Leek, Staffordshire",http://scorpiofastfood.com/
DW Roberts,DW Roberts are a professional opticians with a chain of opticians around the Milton Keynes area.,http://www.dwroberts.co.uk/
Specialist Voice Doctor,UK''s leading private voice doctor specialising in all aspects of vocal cord problems and disorders. Immediate consultations available throughout the Northwest area.,http://www.privatevoicedoctor.co.uk
Active Security UK,"Active Security UK provide a wide range of security systems and also garage doors, roller shutters and much more.",http://www.activesecurityuk.com/
Cheaper Accountant,Affordable accountants for small businesses across the UK. Providing a full suite of accountancy services.,http://www.cheaperaccountant.co.uk
P Norris & Son Fencing,"Fencing for domestic, commercial and agricultural clients throughout Milton Keynes, Bedford and surrounding areas.",http://www.pnorrisfencingservices.co.uk/
Best Baby Buggies,Tips on finding the perfect buggy for your child.,http://bestbabybuggies.co.uk
Space Mobiles Portable Loo Kidderminster,Luxury portable toilets for all occasions.,http://www.spacemobiles.co.uk/toilet-hire-bridgnorth.php
Bespoke Bathroom Solutions,Provider of kitchens and bathrooms throughout the Sheffield area.,http://www.bespokebathroomsolutions.co.uk/
Aspens Jewellers,"Aspens Jewellers offer a classic collection of beautiful antique jewellery adorned in diamond, gold or coloured stone jewellery that every women just won''t be able to resist.",http://www.aspensjewellers.co.uk/
Furnicraft,"The specialists in beds and furniture, as well as mobility furniture. We are based in Hinckley and also supply to the Leicester area.",http://www.furnicraft.co.uk/
Smarts Of Northolt,Smarts Of Northolt are a long established family run removals company providing a services throughout West London.,http://www.smartsremovals.co.uk/
Mayfair Property Ltd,"Mayfair Property  London  are  Property Letting, Management and Landlord Services business. We provide rental and management services to Landlords and our GUARANTEED RENTAL INCOME services provides the all important peace of mind that all landlords need.",http://mayfairpropertylondon.co.uk/
Williams Windows Conservatories Pinner,"Williams Windows, family run company offering double glazing, conservatories and more.",http://www.williams-windows.co.uk/
Paper Loop Consumables Ltd,"Thermal and non thermal paper supplier, based in Leeds. Thermal till/credit card rolls, non thermal impact rolls 1,2 & 3 ply etc.",http://www.paperloop.co.uk
Country Catalogue,"Country Catalogue are the number one country clothing retailer online in the UK, United Kingdom. We have a huge range of country wear, shooting clothing & accessories, country gifts, wellingtons for men, women and children. We promote only the best brands offering some of the finest jackets, coats, caps, footwear and waterproofs jackets available online. Some brands we work with are Musto, Tweed, Hoggs of Fife, Laksen, Jack Murphy, Seeland and Toggi. We also have a range of other country related products such as our fishing equipment, fishing waders & accessories. Make someone you know happy and select one of our products for that special country gift.",http://www.country-catalogue.co.uk/shop-by-brand/cat_140.html
Crystal Clean End Of Tenancy Cleaning,"Crystal Clean Hygiene are a professional provider of quality cleaning throughout Swansea, Neath, Ammanford, Port Talbot and surrounding areas.",http://www.crystalcleanhygiene.co.uk/professional-steam-cleaning.php
Floor Sanding Company London,"The London Floor Sanding Company are experts at refinishing all types of wood including hardwood, softwood, parquet and plank flooring, and can cater to all of your floor sanding requirements.",http://www.londonfloorsandingcompany.co.uk
Hassall & Son Aerial Installations Lough,Aerial Installations across Loughborough & Leicestershire.,http://www.hassall-aerials-loughborough.co.uk/
Luton Hoo Hotel Hertfordshire,"Luton Hoo is a luxury five-star hotel with 18 hole golf course, magnificent spa and more than 1000 acres of parkland and gardens",http://www.lutonhoo.co.uk/
Broughton Veterinary Group,Broughton Vets are a Leicestershire based vet providing care for all animals.,http://www.broughtonveterinarygroup.co.uk/
THC Self Storage Northampton,THC are a well established reputable self storage company based in the Rushden area of Northamptonshire.,http://www.thcselfstore.co.uk/
Rosa Thai Massage,If you are looking for traditional Thai massage services in Leeds and surrounding areas then you have come to the right place. Rosa Thai Massage offers traditional Thai massage packages for customer in Leeds and surrounding areas.,http://www.rosathaimassage.co.uk
SEO Company based in County Durham,Orange WD are a County Durham based SEO company that specialises in local SEO and social media marketing. We also offer a premium web design service and a great referral scheme.,http://www.orangewd.co.uk
Evolution-Slimming,"A UK based company who manufacture their own range of weight loss pills.Evolution Slimming Ltd, Unit 6, Canterbury Innovation Centre, University Road, Canterbury, Kent, CT2 7FGTel: 0845 459 254",http://www.evolution-slimming.com
www.icethaw.co.uk,"Icethaw is the longest established independent bulk gritting and de-icing salt supplier in the UK, providing rock salt for driveways, access roads, car parks, pavements and roads.",http://www.icethaw.co.uk
Practice Master Pro - Medical Software,"Medical practice management software with built in patient notes and electronic medical records. Customisable to work with any medical discipline and especially multidisciplinary practices. Integrated email, document generation and more.",http://www.practicemaster.co.uk
The Cash Protection Agency,The Cash Protection Agency is one of the UKs leading Debt Collection & Credit Control agencies.,http://www.cashprotectionagency.co.uk/
Carpet cleaner London,"As one of Londons top cleaning companies, Sooperclean London carpet cleaner designs bespoke solutions for your individual needs and offer a fantastic service at a highly competitive price.",http://www.sooperclean.co.uk/
Ace Reclamation,"Set on just over an acre and based in Hurn, Dorset, Ace Reclamation has always specialised in both demolition and reclamation leading us to have one of the largest ranges of varied reclamation and architectural antiques.",http://www.ace-reclamation.co.uk/
Crash Car Repairs,Crash Car Repairs provide car body repairs throughout Bath and Wiltshire.,http://www.crashcarrepairs.co.uk/
Abbey Marquee Hire Essex,Provider of marquees across Essex and Hertfordshire.,http://www.abbeymarqueehire.co.uk/
Cool Wet Rooms,Professional builders who specialise in installing wet rooms and bathrooms.,http://www.coolwetrooms.co.uk/
ISIS Removals St Albans,"ISIS Relocation are a professional provider of quality removal services for commercial and domestic customers across St Albans, Milton Keynes, Oxford & Hertfordshire. With many years experience they offer a stress free and enjoyable moving process.",http://www.isis-relocation.co.uk/removals-hertfordshire.php
SS Submersible Pump Manufacturers,Vira Submersible Pumps an ISO and CE certified India based company offers quality stainless steel submersible pumps and motors with spare parts at best prices. Our pumps follows NEMA standard and supports both power voltage of 50hz as well as 60hz,http://www.virasubmersible.com/products/submersible-pumps.html
Fly Search - Cheap Holidays to Spain,"Fly Search is a leading provider of cheap package holidays, flights and last minute holiday deals. For more information please contact: 0844 870 8888.",http://www.flysearch.co.uk/
Abbey Rolls Vintage Cars,Specialists in vintage and classic cars.,http://www.abbeyrollshire.com/
Bouncy Castle hire,Bounce party supplies bouncy castles and party bags for every occasion,http://www.bouncepartycastles.com
Swags & Tails Curtains Birmingham,"Swags & Tails are an interior specialist providing blinds, curtains, curtain poles, wallpaper and more across Birmingham, Solihull and surrounding areas.",http://www.swagsandtails-interiors.co.uk/
Loft Conversions London,Let us maximize the potential of your home,http://theloftking.com/
Advantage Business Systems,"Advantage Business Systems help customers to efficiently manage their business, improving performance and reducing cost. Advantage are well equipped to provide excellent managed IT services, delivering a first class service to all customers.",http://www.advantage.co.uk/
Roofing Contractors in Bolton & Manchester - Worthington Roofers,"R Worthington & Sons are roofing contractors in Bolton Lancashire. With over six generations of experience in the roofing trade and fully insured for your protection Worthington Roofing provide expert roofing services in the Northwest UK. As local roofers in Bolton our roofing services include converting flat roof to pitch roofs, roof tiling, roof repairs, dormer window installation, roof slating, roof window fitting, roofing inspections, lead flashing, repointing and leadwork. We undertake all types of domestic and commercial roofing contracts from roofing repair to roof replacement.",http://www.worthingtonroofing.co.uk/
Dynamic Sports Nutrition,"Dynamic Sports Nutrition are a UK online retailer of bodybuilding supplements offering a wide range of brands including Sci-MX, Grenade, USN, PHD and many more.",http://www.dynamicsportsnutrition.co.uk
www.thesessionschool.com,The professionals take a fair amount of time to attain the necessary level of skill-make up artist training is the first step towards obtaining professionalism in the industry.,http://www.thesessionschool.com
OnlineShop!,"Online Shopping! Online Mall, where there are products of good quality at the lowest price! Open 24 hours from 24 hours!",http://www.24honlineshop.com/product/fashion/#.UwDco86leSk
End of tenancy cleaning by EOT cleanic,London End of Tenancy Cleanic,http://www.eotcleanic.co.uk
Asterisk Cost Effective VoIP,Asterisk Consulting are the leading Asterisk Consultants in the UK and Ireland who offer extensive expertise within Asterisk and Business VoIP systems designs.,http://www.asteriskconsulting.com/
Top Business Coaching Firm in London,"We help you achieve your desired next level. Using cutting edge strategies we help you build a profitable business with a motivated team, systems and structures. We thus help you free up time for your other passions and the people you love.",http://londoncoachinggroup.com
Tank Services,"For storage tank supply, installation and replacement look no further than the UK''s largest tank specialist Southern Tank Services. Bunded tank supply and installation across UK and Ireland.",http://www.tankservices.co.uk/
Ivybridge Tile & Bathroom,Ivybridge Tile & Bathroom provide a wide range of services including bathrooms and showers in Plymouth and Devon,http://www.ivybridgetileandbathroom.co.uk/
UK leading pond liner manufacturer,"We fabricate high quality Butyl rubber and EPDM rubber pond liners. Gordon Low is a leading brand, to be found in most Aquatic Centres, wholesalers and also internet retailers.",http://www.gordonlowproducts.co.uk
Ace Coffee,Ace Coffee provide coffee machines and water coolers.,http://www.acecoffee.co.uk/
Z Overton Sport Therapy,Z Overton Sports Therapy provide a wide range of massages.,http://www.z-overton.co.uk/
www.bitecp.com,Bite CP creative marketing services include everything from brochures to websites as well as brand creation.,http://www.bitecp.com/
RLB Services Ltd,"Professional catering equipment suppliers covering Southampton, Bournemouth, Portsmouth and surrounding areas.",http://www.rlbservicessouthampton.co.uk/
John Parrott Cue Sports,"Our aim is to provide the widest range of cues, cases and accessories online at the best prices available.",http://www.johnparrottcuesports.com/
Rubber Roofing Suppliers in Yorkshire,Alvadac are a Yorkshire based family business with over 20 years experience in the roofing supply trade. We are Yorkshires leading supplier of roofing materials.,http://alvadac.com/
buypestcontroltraps.co.uk,"With our experience of all types of Pest Problems, we have put together an effective range of Pest Control Traps for you to get rid of any type of problem with nuisance Household or Garden, Insect, Animal or Vermin Pests.",http://www.buypestcontroltraps.co.uk/
Bouncy Castle hire Norwich,"We are a friendly family run business providing bouncy castle hire in Norwich & Norfolk. We also have soft play, candy carts, disco dome plus lots more fun party ideas.",http://www.allin1celebrations.co.uk
watts1858.com,"thomas sabo jewellery is becoming increasingly popular, particularly in Europe. Watts 1858 supply a wide selection from the range.",http://watts1858.com/jewellery/thomas-sabo-en/
Alcachofa de Laon,"Online shop dedicated to selling Alcachofa de Laon, an artichoke extract very effective in the fat loss. Alcachofa de Laon is being used worldwide and is a best seller supplement in the weight loss range.",http://alcachofadelaon.co.uk
CL Office Interiors,"Specialists in office design and interiors, such as office furniture, partitioning, refurbishments and more.",http://www.cl-interiors.co.uk/
Graham Coe Opticians,"Specialising in eye exams, prescription glasses, contact lenses and more.",http://www.opticians-oakham-meltonmowbray.co.uk/
Kitchen Craft,"Based in Grendon Northampton, this company specialises in the renovation of kitchens and bedrooms.",http://www.kitchencraftnorthants.co.uk/products/kitchen-doors/
Wood Stove Handbook,"The Wood Stove Handbook, tips and tricks to save money with your wood burning stove.",http://www.woodstovehandbook.co.uk
Import Marques,"Whether you''re looking for something luxurious or something with a bit of speed, here at Import Marques we are sure to have a vehicle that meets your each and every need. We provide only the highest of quality!",https://www.importmarques.com/
www.polo-shirts.co.uk,"www.polo-shirts.co.uk is the most convenient way to buy top quality t-shirts, polo shirts, sweatshirts, baseball caps and other clothing all at wholesale prices.",https://www.polo-shirts.co.uk/
Belgrave Glass,Belgrave Glass are a professional provider of quality glass throughout Leicester and surrounding areas.,http://www.belgraveglass.co.uk/
Commercial and Residential Cleaning,"Exclusive offers. Environmentally friendly. Online booking available. Save up to £1000 annually. The team to trust for a brighter, cleaner future.",http://www.exquisiteclean.co.uk
Crusade Computing Solutions Ltd,Providing IT services and solutions in Stafford.,http://www.crusade-cs.co.uk/
www.blockbusters.co.uk,"Blocked drains? Need emergency 24 hour plumbing, sewer repairs & CCTV Surveys in the Sussex & Surrey areas? Then book a Blockbusters'''' engineer online",http://www.blockbusters.co.uk/
eJigsaw Ltd,"eJigsaw is all about being different. We are a search engine marketing, web design and creative media company based in Cheshire, but serving businesses UK wide.",http://www.ejigsaw.co.uk
Sexy Lingerie,"LaRouge Lingerie offers a wide range of women's sexy lingerie, costumes, Chemise,  corsets, thongs, bodystockings, club wear, and more.",http://www.larougeboutique.co.uk/
Hypnotherapist in South Essex,Registered Clinical Hypnotherapist with 7 years full time experience. Free initial consultation 0800 999 4245 Registered with The General Hypnotherapy Register and The Hypnotherapy Association Fully Insured.,http://www.4u4life.co.uk
Pond Liner,"Pond Liner Fabricators, AquaLiners Direct are amongst the leading lining suppliers in the UK. Being in direct contact with the manufacturers, they miss out the retailer costs offering customers high quality at affordable prices.",http://www.aqualinersdirect.co.uk/pondliner
Quantum Audio Visual Equipment,Quantum AV take music and home entertainment very seriously hence we  handpick the AV products for our website from selected manufacturers ensuring you get the best equipment available in the market.,http://www.quantumav.co.uk
Aline Conus,"French marketing expert in luxury goods, e-commerce and the Chinese market.",http://www.aline-conus.co.uk
Baltic Holidays,"At Baltic Holidays we offer relaxing luxury holidays and tours of the Balitc States. Established in 1999 by Phil Teubler, we are the longest running specialist provider of holidays and tours of the Baltic States",http://www.balticholidays.com/
Global Email Lists,"Global Email Lists is a leading on-line marketing Genuine list providers for data matching, campaigns, list management for North America, Middle East, Europe",http://www.globalemaillists.com
